[
  {
    "activeVersion": "5.5.0.30",
    "postDate": "8/16/2021",
    "description": "Current release of MetaManager Series 5 - 32 Bit.",
    "title": "MetaManager 32 Bit",
    "id": "1"
  },
  {
    "activeVersion": "5.5.0.30",
    "postDate": "8/16/2021",
    "description": "Current release of MetaManager Series 5 - 64 Bit.",
    "title": "MetaManager 64 Bit",
    "id": "67"
  },
  {
    "activeVersion": "5.5.0.30",
    "postDate": "8/16/2021",
    "description": "MetaManager HotFix Release Guide",
    "title": "Hotfix Release Notes",
    "id": "68"
  }
]